{"absorption":0.0,"angle":58.0,"beersLaw":true,"camPos":[0.4332124888896942,-0.33876022696495056,-0.20367403328418732],"coverageH":0.5,"coverageM":0.40939998626708984,"direction":[0.4874802529811859,0.5098405480384827,-0.7088198065757751],"editClouds":false,"editGodRays":false,"editScattering":false,"erosion":0.5370000004768372,"filePath":"mountain.obj","fogAmount":0.20000000298023224,"godrays":true,"highResolution":true,"lensFlare":false,"modelMatrix":[10.0,0.0,0.0,0.0,0.0,10.0,0.0,0.0,0.0,0.0,10.0,0.0,13300.0,19800.0,-39500.0,1.0],"nocutscene":false,"pause":false,"phi":2.5391457080841064,"powder":true,"projectionMatrix":[0.9742786288261414,0.0,0.0,0.0,0.0,1.732050895690918,0.0,0.0,0.0,0.0,-1.0000020265579224,-1.0,0.0,0.0,-0.20000019669532776,0.0],"ratio":1.7777777910232544,"scattering":true,"showNormals":false,"smooth":true,"speed":0.0026462897658348083,"sunBlue":0.75,"sunGlare":false,"sunGreen":0.8299999833106995,"sunRed":0.9700000286102295,"theta":1.035796880722046,"up":[0.0,1.0,0.0],"useWind":true,"userDefinedCloudType":false,"userDefinedSkyParams":false,"viewMatrix":[0.8239514827728271,-0.288906455039978,-0.4874803125858307,0.0,-0.0,0.8602689504623413,-0.5098406076431274,0.0,0.5666603446006775,0.4200839102268219,0.7088198661804199,0.0,-0.2415320873260498,0.5021429657936096,0.18283703923225403,1.0],"windSpeed":10.0}